{
    "a": 0.08167081670816709,
    "b": 0.014920149201492016,
    "c": 0.02782027820278203,
    "d": 0.04253042530425304,
    "e": 0.12702127021270213,
    "f": 0.022280222802228026,
    "g": 0.020150201502015023,
    "h": 0.06094060940609407,
    "i": 0.06966069660696607,
    "j": 0.0015300153001530016,
    "k": 0.007720077200772008,
    "l": 0.04025040250402505,
    "m": 0.024060240602406028,
    "n": 0.06749067490674907,
    "o": 0.07507075070750707,
    "p": 0.019290192901929022,
    "q": 0.000950009500095001,
    "r": 0.059870598705987065,
    "s": 0.06327063270632706,
    "t": 0.09056090560905608,
    "u": 0.027580275802758028,
    "v": 0.00978009780097801,
    "w": 0.023600236002360022,
    "x": 0.0015000150001500015,
    "y": 0.01974019740197402,
    "z": 0.0007400074000740007
}